{
  "P@1": 0.3571145461751883,
  "MRR": 0.47522129739727836,
  "P@5": 0.34514466904478797,
  "R@5": 0.6682520808561236,
  "R@10": 0.7820055489496631,
  "R@20": 0.8581054300435988,
  "R@50": 0.9330162504954419,
  "R@100": 0.9619500594530321
}