{
  "P@1": 0.44272691240586604,
  "MRR": 0.5576265028405337,
  "P@5": 0.4053507728894174,
  "R@5": 0.7542608006341657,
  "R@10": 0.848791121680539,
  "R@20": 0.912405866032501,
  "R@50": 0.9613555291319857,
  "R@100": 0.9785969084423306
}