{
  "P@1": 0.46214823622671425,
  "MRR": 0.5766448672215616,
  "P@5": 0.4183511692429647,
  "R@5": 0.7647641696393183,
  "R@10": 0.8624653190646057,
  "R@20": 0.9213238208481966,
  "R@50": 0.9659135949266746,
  "R@100": 0.9815695600475625
}