{
  "P@1": 0.356718192627824,
  "MRR": 0.47043863125908314,
  "P@5": 0.3333666666666666,
  "R@5": 0.6615140705509315,
  "R@10": 0.7677368212445501,
  "R@20": 0.8478002378121284,
  "R@50": 0.926674593737614,
  "R@100": 0.9560047562425684
}